frame,x,y,visible
31,392.5,575.0,1
32,407.5,537.5,1
33,422.5,500.0,1
34,437.5,465.0,1
35,450.0,432.5,1
36,462.5,405.0,1
37,475.0,372.5,1
38,497.5,335.0,1
39,505.0,320.0,1
40,515.0,300.0,1
41,530.0,275.0,1
42,542.5,252.5,1
43,560.0,232.5,1
44,570.0,217.5,1
45,587.5,200.0,1
46,597.5,187.5,1
47,617.5,167.5,1
48,630.0,157.5,1
49,645.0,150.0,1
50,655.0,145.0,1
51,665.0,137.5,1
52,62.5,57.5,1
53,1215.0,660.0,1
54,710.0,127.5,1
55,722.5,130.0,1
56,745.0,132.5,1
57,752.5,132.5,1
58,767.5,142.5,1
59,780.0,147.5,1
60,792.5,155.0,1
61,807.5,167.5,1
62,817.5,175.0,1
63,832.5,190.0,1
64,845.0,202.5,1
65,865.0,230.0,1
66,877.5,245.0,1
67,890.0,260.0,1
68,902.5,282.5,1
69,917.5,310.0,1
70,930.0,330.0,1
71,945.0,355.0,1
72,955.0,385.0,1
73,970.0,415.0,1
74,982.5,445.0,1
119,127.5,217.5,1
120,220.0,242.5,1
121,220.0,245.0,1
122,405.0,302.5,1
123,405.0,302.5,1
124,500.0,332.5,1
125,592.5,362.5,1
126,682.5,397.5,1
127,870.0,465.0,1
128,870.0,465.0,1
129,1060.0,537.5,1
130,1057.5,540.0,1
131,1150.0,575.0,1
132,1155.0,577.5,1
180,867.5,615.0,1
181,855.0,577.5,1
182,845.0,547.5,1
183,835.0,512.5,1
184,817.5,485.0,1
185,810.0,455.0,1
186,792.5,417.5,1
187,787.5,402.5,1
188,772.5,377.5,1
189,760.0,355.0,1
190,750.0,330.0,1
191,735.0,302.5,1
192,727.5,287.5,1
193,712.5,267.5,1
194,702.5,252.5,1
195,690.0,235.0,1
196,682.5,222.5,1
197,667.5,210.0,1
198,655.0,197.5,1
199,642.5,182.5,1
200,627.5,170.0,1
201,620.0,165.0,1
202,605.0,157.5,1
203,597.5,155.0,1
204,585.0,147.5,1
205,575.0,145.0,1
206,560.0,142.5,1
207,550.0,140.0,1
208,537.5,142.5,1
209,522.5,142.5,1
210,515.0,142.5,1
211,497.5,152.5,1
212,492.5,155.0,1
213,477.5,162.5,1
214,467.5,170.0,1
215,457.5,177.5,1
216,442.5,187.5,1
217,432.5,200.0,1
218,417.5,215.0,1
219,410.0,225.0,1
220,392.5,245.0,1
221,385.0,257.5,1
222,367.5,282.5,1
223,362.5,295.0,1
224,352.5,315.0,1
225,337.5,332.5,1
226,327.5,357.5,1
227,315.0,377.5,1
228,302.5,405.0,1
229,292.5,427.5,1
259,640.0,427.5,1
260,640.0,432.5,1
261,637.5,425.0,1
262,637.5,425.0,1
265,642.5,442.5,1
269,630.0,422.5,1
272,627.5,430.0,1
273,627.5,430.0,1
274,637.5,430.0,1
275,645.0,427.5,1
276,647.5,425.0,1
277,647.5,425.0,1
278,642.5,427.5,1
280,630.0,432.5,1
281,630.0,432.5,1
282,632.5,437.5,1
283,637.5,440.0,1
284,637.5,440.0,1
285,642.5,440.0,1
289,642.5,430.0,1
290,642.5,432.5,1
291,642.5,435.0,1
292,640.0,435.0,1
293,640.0,432.5,1
294,635.0,427.5,1
295,637.5,422.5,1
296,640.0,422.5,1
297,640.0,432.5,1
298,637.5,432.5,1
